train_loss,epoch,step
1.0656068325042725,0,9
0.6753852367401123,0,19
0.47697004675865173,0,29
0.5027011632919312,0,39
0.9403884410858154,0,49
0.3257274329662323,0,59
0.5075159668922424,0,69
0.33176910877227783,0,79
1.7133102416992188,0,89
0.4756624400615692,0,99
0.39993003010749817,0,109
0.4676111340522766,0,119
0.5126668214797974,0,129
0.37340009212493896,0,139
0.45184871554374695,0,149
0.29171714186668396,0,159
0.4288236200809479,0,169
