train_loss,epoch,step
0.6259493231773376,0,49
0.9556754231452942,0,99
