train_loss,epoch,step
0.8710244297981262,0,9
0.7410245537757874,0,19
0.6481109261512756,0,29
0.5199746489524841,0,39
