epoch,step,train_loss
0,9,0.6269551515579224
0,19,0.5578396916389465
0,29,0.563838541507721
0,39,0.4754393398761749
0,49,0.44150248169898987
0,59,0.3972451686859131
0,69,0.09651800990104675
0,79,0.3821932077407837
0,89,0.3271520435810089
0,99,0.3543030619621277
0,109,0.34536388516426086
