train_loss,epoch,step
0.5548199415206909,0,49
0.11261684447526932,0,99
